{
  "logistic_regression": {
    "best_params": {
      "model__C": 0.1,
      "model__class_weight": "balanced"
    },
    "cv_roc_auc": 0.9027904462687071,
    "holdout_metrics": {
      "accuracy": 0.8852459016393442,
      "precision": 0.8387096774193549,
      "recall": 0.9285714285714286,
      "roc_auc": 0.9653679653679654
    }
  },
  "random_forest": {
    "best_params": {
      "model__max_depth": 5,
      "model__min_samples_split": 5,
      "model__n_estimators": 100
    },
    "cv_roc_auc": 0.8988519531997794,
    "holdout_metrics": {
      "accuracy": 0.8688524590163934,
      "precision": 0.8333333333333334,
      "recall": 0.8928571428571429,
      "roc_auc": 0.9426406926406927
    }
  },
  "selected_model": "logistic_regression"
}